<environmentvariabledefinition schemaname="powercat_AuditingTargetEnvironmentId">
  <description default="Set environment id of environment installed this solution">
    <label description="Set environment id of environment installed this solution" languagecode="1041" />
  </description>
  <displayname default="Auditing Target Environment Id">
    <label description="Auditing Target Environment Id" languagecode="1041" />
  </displayname>
  <introducedversion>1.0.0.0</introducedversion>
  <iscustomizable>1</iscustomizable>
  <isrequired>0</isrequired>
  <secretstore>0</secretstore>
  <type>100000000</type>
</environmentvariabledefinition>