{
  "properties": {
    "connectionReferences": {
      "shared_commondataserviceforapps": {
        "api": {
          "name": "shared_commondataserviceforapps"
        },
        "connection": {
          "connectionReferenceLogicalName": "powercat_sharedcommondataserviceforapps_1ab1d"
        },
        "runtimeSource": "embedded"
      },
      "shared_flowmanagement": {
        "api": {
          "name": "shared_flowmanagement"
        },
        "connection": {
          "connectionReferenceLogicalName": "new_sharedflowmanagement_2dc28"
        },
        "runtimeSource": "embedded"
      }
    },
    "definition": {
      "$schema": "https://schema.management.azure.com/providers/Microsoft.Logic/schemas/2016-06-01/workflowdefinition.json#",
      "contentVersion": "1.0.0.0",
      "parameters": {
        "$authentication": {
          "defaultValue": {},
          "type": "SecureObject"
        },
        "$connections": {
          "defaultValue": {},
          "type": "Object"
        },
        "Auditing Target Environment Id (powercat_AuditingTargetEnvironmentId)": {
          "defaultValue": "a2cb1c0f-bc1d-e26f-affd-057f78ba69b8",
          "type": "String",
          "metadata": {
            "schemaName": "powercat_AuditingTargetEnvironmentId",
            "description": "Set environment id of environment installed this solution"
          }
        }
      },
      "triggers": {
        "When_a_row_is_added,_modified_or_deleted": {
          "type": "OpenApiConnectionWebhook",
          "inputs": {
            "parameters": {
              "subscriptionRequest/message": 4,
              "subscriptionRequest/entityname": "workflow",
              "subscriptionRequest/scope": 4,
              "subscriptionRequest/name": "c787dc67-2959-ef11-bfe3-00224862c737"
            },
            "host": {
              "apiId": "/providers/Microsoft.PowerApps/apis/shared_commondataserviceforapps",
              "operationId": "SubscribeWebhookTrigger",
              "connectionName": "shared_commondataserviceforapps"
            }
          },
          "correlation": {},
          "conditions": [
            {
              "expression": "@equals(json(triggerOutputs()?['body/clientdata'])?['properties']?['definition']?['triggers']?['manual']?['inputs']?['triggerAuthenticationType'], 'All')"
            },
            {
              "expression": "@equals(json(triggerOutputs()?['body/clientdata'])?['properties']?['definition']?['triggers']?['manual']?['kind'], 'TeamsWebhook')"
            },
            {
              "expression": "@equals(triggerOutputs()?['body/statuscode'], 2)"
            }
          ],
          "metadata": {
            "operationMetadataId": "fdadfb01-b0f5-4d3c-84de-d991474a4aa8"
          }
        }
      },
      "actions": {
        "Turn_Off_Flow": {
          "type": "OpenApiConnection",
          "inputs": {
            "parameters": {
              "environmentName": "@parameters('Auditing Target Environment Id (powercat_AuditingTargetEnvironmentId)')",
              "flowName": "@triggerBody()?['workflowidunique']"
            },
            "host": {
              "apiId": "/providers/Microsoft.PowerApps/apis/shared_flowmanagement",
              "operationId": "StopFlow",
              "connectionName": "shared_flowmanagement"
            }
          },
          "runAfter": {}
        }
      },
      "outputs": {}
    },
    "templateName": null
  },
  "schemaVersion": "1.0.0.0"
}